ID,state_territory,nwr_name,pub_reserv_secondary_dept,pub_acq_other_fed_secondary_dept,ease_other_fed_department,pub_reserved_primary,pub_reserved_secondary,pub_acq_other_fed_primary,pub_acq_other_fed_secondary,pub_fws_purchase_acres,pub_fws_purchase_cost,pub_donated,ease_other_fed,ease_fws_purchase_acres, ease_fws_purchase_cost ,ease_donated,agmt_lease,total_acres
1,Alabama,Bon Secour,,,,0,0,32.34,0,6415.33,23478154.00,604.78,0,0,0.00,0,575,7627.45
2,Alabama,Cahaba River,,,,0,0,0,0,3689.63,6335218.00,0,0,0,0.00,0,0,3689.63
3,Alabama,Choctaw,E,,,0,0,0,4218,0,0.00,0,0,0,0.00,0,0,4218
4,Alabama,Eufaula,E,,,0,0,0,7929,24.19,80000.00,0,0,0,0.00,0,0,7953.19
5,Alabama,Fern Cave,,,,0,0,0,0,199.23,110000.00,0,0,0,0.00,0,0,199.23
7,Alabama,Grand Bay,,,,0,0,0,0,1822,710613.00,895.86,0,0,0.00,0,0,2717.86
8,Alabama,Key Cave,,,,0,0,0,0,1060,0.00,0,0,0,0.00,0,0,1060
9,Alabama,Mountain Longleaf,,,,0,0,7758.68,0,0,0.00,1257,0,0,0.00,0,0,9015.68
10,Alabama,Sauta Cave,,,,0,0,0,0,264,575000.00,0,0,0,0.00,0,0,264
11,Alabama,Watercress Darter,,,,0,0,0,0,24.52,230850.00,0,0,0,0.00,0,0,24.52
12,Alabama,Wheeler,T,,,0,0,8322.98,25674.62,125.68,149700.00,307.38,0,0,0.00,0,0,34430.66
13,Alaska,Alaska Maritime,"AF, N",,,3291639.47,"59,099.00",0,0,44021.53,8646537.00,65.24,0,0,0.00,26983.86,6.59,3421815.69
14,Alaska,Alaska Peninsula,,,,3450176.8,0,0,0,60071.72,2501217.00,64011.21,0,0,0.00,0,0,3574259.73
15,Alaska,Arctic,,,,19263110,0,0,0,23945.11,912000.00,319.92,0,0,0.00,0,0.67,19287375.7
16,Alaska,Becharof,,,,1200000,0,0,0,366.73,567800.00,52.79,0,0,0.00,0,0,1200419.52
17,Alaska,Innoko,,,,3850000,0,0,0,799.87,508500.00,0,0,0,0.00,0,1.03,3850800.9
18,Alaska,Izembek,FA,,,302201,800,0,0,0,0.00,7994.12,0,0,0.00,0,0,310995.12
19,Alaska,Kanuti,,,,1430000,0,0,0,319.9,144000.00,0,0,0,0.00,0,0,1430319.9
20,Alaska,Kenai,,,,1904472,0,0,0,7941.35,11353300.00,323.91,0,26.3,0.00,0,4.3,1912767.86
21,Alaska,Kodiak,,,,1658381.29,0,0,0,176101.37,107418596.00,1113.47,0,0,2372100.00,45613.9,1.44,1881211.47
22,Alaska,Koyukuk,,,,3550000,0,0,0,159.96,96000.00,0,0,0,0.00,0,0,3550159.96
23,Alaska,Nowitna,,,,1560000,0,0,0,239.99,208000.00,0,0,0,0.00,0,0,1560239.99
24,Alaska,Selawik,,,,2150000,0,0,0,1159.81,835000.00,159.99,0,0,0.00,0,2.01,2151321.81
25,Alaska,Tetlin,,,,700000,0,0,0,242.43,223100.00,0,0,0,0.00,0,44.52,700286.95
26,Alaska,Togiak,,,,4097430,0,0,0,5705.98,6637500.00,1109.76,0,0,0.00,0,1.06,4104246.8
27,Alaska,Yukon Delta,BIA,,,19011190.88,63,0,0,198191.2,1973827.00,0,0,17355.81,0.00,0,1.49,19226802.38
28,Alaska,Yukon Flats,,,,8630000,0,0,0,6950.53,3058600.00,0,0,0,0.00,0,0.53,8636951.06
29,Arizona,Bill Williams River,R,R,,2781,943.07,0,756,1574.69,1600000.00,0,0,0,0.00,0,0,6054.76
30,Arizona,Buenos Aires,,,,0,0,0,0,117009.13,15111791.00,0,0,0,0.00,0,301.66,117310.79
31,Arizona,Cabeza Prieta,,,,860000,0,0,0,41.32,18300.00,0,0,0,0.00,0,0,860041.32
32,Arizona,Cibola,,R,,8372.84,0,4171.01,463.27,192.22,382000.00,0,0,0,0.00,0,0,13199.34
33,Arizona,Havasu,R,R,,10004.54,10418.3,0,9816.98,40,8000.00,0,0,0,0.00,0,0,30279.82
34,Arizona,Imperial,R,R,,0,15861.27,0,1304.87,643.62,201724.00,0,0,0,0.00,0,0,17809.76
35,Arizona,Kofa,,,,665400,0,0,0,1240.94,498500.00,0,0,0,0.00,0,0,666640.94
36,Arizona,Leslie Canyon,,,,0,0,0,0,1564.76,250000.00,1200,0,20470.77,2845000.00,0,0,23235.53
37,Arizona,San Bernardino,,,,0,0,0,0,2367.87,830600.00,0,0,0,0.00,0.7,0,2368.57
38,Arkansas,Bald Knob,,,,0,0,0,0,15102.35,9923000.00,0,0,0,0.00,0,0,15102.35
39,Arkansas,Big Lake,,,,8875.6,0,1597.34,0,581.12,31855.00,10.85,0,0.25,3.00,0,0,11065.16
40,Arkansas,Cache River,,,,0,0,6091.19,0,65357.24,69525846.00,951.7,0,1.7,0.00,0,0,72401.83
41,Arkansas,Dale Bumpers White River,,E,,6,0,83721,45.8,75227.96,7340627.00,971.91,0,253.22,22.00,0,56.55,160282.44
42,Arkansas,Felsenthal,,,,0,0,64813.34,0,1610.38,2280460.00,0,0,0,0.00,0,0,66423.72
44,Arkansas,Holla Bend,,,,0,0,4068,0,2201.45,339903.00,28.85,0,0,0.00,0.73,0,6299.03
45,Arkansas,Logan Cave,,,,0,0,0,0,123.59,109136.00,0,0,0,0.00,0,0,123.59
46,Arkansas,Overflow,,,,0,0,0,0,13416.75,10943021.00,0,0,9.6,0.00,0,0,13426.35
47,Arkansas,Pond Creek,,E,,0,0,0,1056.42,24838.75,0.00,2040.06,0,0,0.00,0,325.73,28260.96
48,Arkansas,Wapanocca,,,,0,0,0,0,5629.25,1528416.00,0,0,0,0.00,0,0,5629.25
49,California,Antioch Dunes,,,,0,0,0,0,55.38,2135000.00,0,0,0,0.00,0,0,55.38
50,California,Bitter Creek,,,,0,0,0,0,14127.92,5679600.00,40,0,0,0.00,0,0,14167.92
51,California,Blue Ridge,,,,0,0,0,0,916.92,697500.00,0,0,0,0.00,0,0,916.92
52,California,Butte Sink,,,,0,0,0,0,732.86,3850700.00,0,0,10310.64,12816903.00,0,0,11043.5
53,California,Castle Rock,,,,0,0,0,0,13.89,41250.00,0,0,0,0.00,0,0,13.89
54,California,Cibola,,,,1327,0,2656.09,0,364.19,0.00,598.64,0,0,0.00,0,299.41,5245.33
55,California,Clear Lake,R,,,0,11103.43,13020.07,0,0,0.00,0,0,0,0.00,0,0,24123.5
56,California,Coachella Valley,,,,0,0,0,0,2548.1,9313909.00,1029.51,0,0,0.00,0,0,3577.61
57,California,Colusa,,,,0,0,0,0,4039.71,291281.00,0.27,0,0,0.00,0,0,4039.98
58,California,Delevan,,,,0,0,0,0,5796.54,2345739.00,0,0,0,175000.00,0,0,5796.54
59,California,Don Edwards San Francisco Bay,,,,0,0,37.26,0,23642.61,42916134.00,1346.63,0,14.58,0.00,44.79,4438.27,29524.14
60,California,Ellicott Slough,,,,0,0,0,0,164.44,971000.00,0,0,1.12,0.00,4.5,29.49,199.55
61,California,Farallon Islands,CG,,,91,120,0,0,0,0.00,0,0,0,0.00,0,0,211
63,California,Grasslands,,,,0,0,0,0,14970.25,18066228.00,0,0,76456.2,48251933.00,3571,0,94997.45
64,California,Guadalupe-Nipomo Dunes,,,,0,0,0,0,0,0.00,2553,0,0,0.00,0,0,2553
65,California,Havasu,R,R,,10,"4,160.23",0,3065.11,0,0.00,0,0,0,0.00,0,0,7235.34
66,California,Hopper Mountain,,,,0,0,0,0,2471,640000.00,0,0,0,0.00,0,0,2471
67,California,Humboldt Bay,CG,,,0,1,0,0,2891.04,7484654.00,658.31,0,0,0.00,0,1.54,3551.89
68,California,Imperial,R,R,,0,6309.05,0,1649.14,240,0.00,0,0,0,0.00,0,0,8198.19
69,California,Kern,,,,0,0,0,0,10618.17,579912.00,631,0,0,0.00,0,0,11249.17
70,California,Lower Klamath,,,,39315.72,0,0,0,4530.53,3390123.00,447.89,0,0.41,1000.00,0,0,44294.55
71,California,Marin Islands,,,,0,0,0,0,25.8,1010000.00,102.59,0,0,0.00,0,2.9,131.29
72,California,Merced,,,,0,0,0,0,3803.82,2180000.00,0,0,0,0.00,1.76,0,3805.58
73,California,Modoc,,,,40,0,0,0,6680.62,1763854.00,330,0,0.09,0.00,50.52,0,7101.23
74,California,North Central Valley,,,,0,0,0,0,2765.11,6937732.00,0,0,14954.21,19488202.00,125.8,0,17845.12
75,California,Pixley,,,,0,0,4521.05,0,2706.4,3721128.00,173.75,0,4.55,2.00,0,0,7405.75
76,California,Sacramento,,,,0,0,0,0,10783.34,162998.00,35.66,0,0,0.00,0,0,10819
77,California,Sacramento River,,,,471.89,0,0,0,9246.2,28769371.00,729.5,0,1286.41,776221.00,21.25,0,11755.25
78,California,Salinas River,,,,0,0,363.61,0,3.82,0.00,0,0,0,0.00,0,0,367.43
79,California,San Diego,,,,0,0,88,0,5372.67,36418320.00,6843.17,0,1.13,0.00,0.66,0,12305.63
80,California,San Diego Bay,,,,0,0,0,0,0,0.00,414.8,0,0,0.00,0,2200,2614.8
81,California,San Joaquin River,,,,0,0,0,0,7157.65,25750448.00,0,0,4239.05,24718346.00,0.46,0,11397.16
82,California,San Luis,,,,8,0,10329,0,7422.41,2171055.00,0,0,703,2284000.00,0,0,18462.41
83,California,San Pablo Bay,,,,0,0,3310,0,2000.4,7107600.00,3310.42,0,0,0.00,0,11200,19820.82
84,California,Seal Beach,,N,,0,0,0,852.17,0,0.00,0,0,0,0.00,0,58.54,910.71
85,California,Sonny Bono Salton Sea,R,,,0,23424.58,360.98,0,9342.14,294462.00,240,0,0,0.00,0,4531.17,37898.87
86,California,Stone Lakes,,,,0,0,0,0,1840.37,7475622.00,392.64,0,138.56,365800.00,1395,2917,6683.57
87,California,Sutter,,,,0,0,0,0,2590.16,291282.00,0,0,0,0.00,0,0,2590.16
88,California,Tijuana Slough,,N,,0,0,0,551.42,406.08,7655000.00,1.25,0,0,0.00,0,65,1023.75
89,California,Tulare Basin,,,,0,0,0,0,240,809036.00,0,0,4109.58,8082518.00,89.44,0,4439.02
90,California,Tule Lake,,,,39103.37,0,0,0,9.37,0.00,0,0,0.7,0.00,3.14,0,39116.58
91,California,Willow Creek-Lurline,,,,0,0,0,0,0,0.00,0,0,5978.11,7926033.00,0,0,5978.11
92,Colorado,Alamosa,,,,86.29,0,816.4,0,10904.78,2377463.00,218.9,0,0,0.00,0,0,12026.37
93,Colorado,Arapaho,,,LM,4792.54,0,0,0,18451.33,4938286.00,2250,2.42,23.23,0.00,1.88,0,25521.4
94,Colorado,Baca,,,,28398.19,0,3301.84,0,54248.66,14417500.00,0,0,0,0.00,0,0,85948.69
95,Colorado,Browns Park,,,,6794.3,0,0,0,5355.53,642976.00,0,0.05,0,0.00,0,0,12149.88
96,Colorado,Colorado River,,,,0,0,17.64,0,0,0.00,0,321.38,0,0.00,0,0,339.02
98,Colorado,Monte Vista,,,,800,0,0,0,13950.66,2241750.00,83.33,0,0,0.00,0,0,14833.99
99,Colorado,Rocky Flats,,,,0,0,4592.11,0,207.9,300000.00,409.1,28.21,0,0.00,0,0,5237.32
100,Colorado,Rocky Mountain Arsenal,,A,,0,,14653.43,1186,141.56,0.00,7.44,0,0,0.00,0,0,15988.43
101,Colorado,San Luis Valley,,,,0,0,0,0,0,0.00,0,0,0,0.00,12.95,0,12.95
102,Colorado,Sangre de Cristo,,,,0,0,0,0,0,0.00,0,0,17019.15,1020000.00,167200,0,184219.15
103,Colorado,Two Ponds,,,,0,0,0,0,64.94,3946103.00,7.1,0,0,0.00,0,0,72.04
105,Connecticut,Silvio O. Conte,,,,0,0,0,0,845.71,10019088.00,86.7,0,0,1.00,0,0,932.41
106,Connecticut,Stewart B. McKinney,,CG,,0,0,0,4.9,684.47,23954090.00,259.26,0,0,0.00,1.72,35,985.35
107,Deleware,Bombay Hook,,,,0,0,541.5,0,15709.26,2092739.00,0,0,80,1.00,0,0,16330.76
109,Deleware,Prime Hook,,,,0,0,0,0,9256.22,8039336.00,36.01,0,870.59,5346.00,0,0,10162.82
110,Florida,Archie Carr,,,,0,0,1.42,0,43.93,12478130.00,127.21,0,0,0.00,0.92,78.42,251.9
111,Florida,Arthur R. Marshall,,,,0,0,0,0,3814.03,118512.00,0,0,0,0.00,0,141404,145218.03
112,Florida,Caloosahatchee,,,,40,0,0,0,0,0.00,0,0,0,0.00,0,0,40
113,Florida,Cedar Keys,,,,378.61,0,0,0,342.54,681190.00,0,0,0,0.00,0,170,891.15
114,Florida,Chassahowitzka,,,,320.56,0,0,0,30522.35,496746.00,0,0,0,0.00,0,0,30842.91
115,Florida,Crocodile Lake,,,,0,0,4.2,0,6526.97,13204454.00,51.13,0,0,0.00,0,125.76,6708.06
116,Florida,Crystal River,,,,0,0,0,0,80.13,1132180.00,2.27,0,8.47,3225000.00,0,48.64,139.51
117,Florida,Egmont Key,,,,328.3,0,0,0,0,0.00,0,0,0,0.00,0,0,328.3
118,Florida,Everglades Headwaters,,,,0,0,0,0,3096.73,8345000.00,756.12,0,5141.46,12185000.00,0,0,8994.31
119,Florida,Florida Panther,,,,0,0,0,0,25939.13,10292917.00,594,0,0,0.00,0,76.38,26609.51
121,Florida,Great White Heron,,,,770.4,0,264.95,0,5219.49,3273328.00,1486.19,0,0,0.00,0,109981.5,117722.53
122,Florida,Island Bay,,,,20.24,0,0,0,0,0.00,0,0,0,0.00,0,0,20.24
123,Florida,J. N. Ding Darling,,,,407.02,0,0,0,4458.93,6391382.00,440.82,0,0,0.00,0,1181.21,6487.98
124,Florida,Key West,CG,,,1865.17,154,0,0,0,0.00,14.15,0,0,0.00,0,206289,208322.32
125,Florida,Lake Wales Ridge,,,,0,0,0,0,1867.53,3751000.00,0,0,0,0.00,0,0,1867.53
126,Florida,Lake Woodruff,,,,0,0,7,0,18502.36,1404691.00,642.66,0,2007,700000.00,0,0,21159.02
127,Florida,Lower Suwannee,,,,0,0,0,0,49912.27,14837060.00,874.8,0,0,0.00,0,1684.94,52472.01
128,Florida,Matlacha Pass,,,,277.61,0,0,0,145.61,880000.00,115.03,0,0,0.00,0,26.48,564.73
129,Florida,Merritt Island,,NA,,0,0,0,138262.7,932.77,1551689.00,0,0,0,0.00,0,1,139196.47
130,Florida,Nathaniel P. Reed,,,,0,0,0,0,61.77,522500.00,1022.2,0,0,0.00,0,0,1083.97
131,Florida,National Key Deer,,,,52.78,0,0,0,7979.94,29437455.00,830.25,0,0,0.00,0,76073.8,84936.77
132,Florida,Okefenokee,,,,0,0,0,0,3648.58,52636.00,0,0,0,0.00,46.34,0,3694.92
133,Florida,Passage Key,,,,36.37,0,0,0,0,0.00,0,0,0,0.00,0,27.5,63.87
134,Florida,Pelican Island,,,,43,0,0,0,357.99,23018010.00,0,0,0,0.00,127.28,4882.17,5410.44
135,Florida,Pine Island,,,,181.41,0,0,0,427.07,2434000.00,0,0,0,0.00,0,0,608.48
136,Florida,Pinellas,,,,0,0,0,0,17.35,23000.00,0,0,0,0.00,0,377,394.35
137,Florida,St. Johns,,,,0,0,0,0,6254.95,2878324.00,2.5,0,0,0.00,0,0,6257.45
138,Florida,St. Marks,,,,93.2,0,31707.04,0,43606.09,16329213.00,6696.61,0,193.79,1.00,117.35,424.38,82838.46
139,Florida,St. Vincent,,,,45.33,0,0,0,12448.74,3575000.00,0,0,0,0.00,0,0,12494.07
140,Florida,Ten Thousand Islands,,,,0,0,0,0,21543,0.00,0,0,0,0.00,0,13506,35049
141,Georgia,Banks Lake,,,,0,0,490,0,3069,356000.00,0,0,0,0.00,0,0,3559
142,Georgia,Blackbeard Island,,,,0,0,4658.64,0,959,0.00,0,0,0,0.00,0,0,5617.64
143,Georgia,Bond Swamp,,,,0,0,0,0,6096.07,5193250.00,786.24,0,0,0.00,0,0,6882.31
144,Georgia,Eufaula,E,,,0,0,0,3231,0,0.00,0,0,0,0.00,0,0,3231
146,Georgia,Harris Neck,,,,0,0,2686.94,0,65.17,450000.00,0,0,70.57,0.00,0,0,2822.68
147,Georgia,Okefenokee,,,,0,0,1860.44,0,377732.16,5572635.00,23648.66,0,0,0.00,0,0,403241.26
148,Georgia,Piedmont,,,,0,0,24235.89,0,10717.46,44000.00,0,0,1.25,0.00,11.3,0,34965.9
149,Georgia,Savannah,,,,0,0,4015.04,0,9269.51,3321852.00,2100,0,24.97,0.00,3.3,840,16252.82
150,Georgia,Wassaw,,,,0,0,0,0,0,0.00,10049.87,0,0,0.00,0,3.43,10053.3
151,Georgia,Wolf Island,,,,0,0,538,0,4587.82,120814.00,0,0,0,0.00,0,0,5125.82
152,Hawaii,Hakalau Forest,,,,0,0,0,0,48141.82,47568265.00,0,0,18.65,60900.00,118.1,0,48278.57
153,Hawaii,Hanalei,,,,0,0,0,0,917.42,1289081.00,0,0,0,0.00,0,0,917.42
154,Hawaii,Hawaiian Islands,,,,254418.1,0,0,0,0,0.00,0,0,0,0.00,0,0,254418.1
155,Hawaii,Huleia,,,,0,0,0,0,240.17,327623.00,0,0,0.94,0.00,0,0,241.11
156,Hawaii,James Campbell,,,,0,0,0,0,1083.34,23809605.00,0,0,7.26,9950.00,3.2,1.32,1095.12
157,Hawaii,Kakahaia,,,,0,0,0,0,44.61,684550.00,0,0,0,0.00,0,0,44.61
158,Hawaii,Kealia Pond,,,,0,0,0,0,0,0.00,0,0,437.23,6900000.00,266.65,0,703.88
159,Hawaii,Kilauea Point,,,,0,0,31,0,59.48,6475000.00,91.38,3.75,5,0.00,8.07,0,198.68
160,Hawaii,Oahu Forest,,,,0,0,0,0,4524.66,3620000.00,0,0,25.7,0.00,9,10.2,4569.56
161,Hawaii,Pearl Harbor,,N,N,0,0,37.37,75.07,0,0.00,0,0.12,0,0.00,0,0,112.56
162,Idaho,Bear Lake,,,,16977.61,0,0,0,1227.15,403879.00,0,0,0,0.00,2,2,18208.76
163,Idaho,Camas,,,,0,0,0,0,10657.19,402701.00,0,0,0,0.00,0,0,10657.19
164,Idaho,Deer Flat,R,,,1157.52,9993.28,0,0,242.89,26416.00,21.26,0,0,0.00,0,0,11414.95
166,Idaho,Grays Lake,,,,80,0,0,0,4791.02,3097100.00,160,0,2418.08,8893.00,0,13000,20449.1
167,Idaho,Kootenai,,,,0,0,0,0,2774.15,708100.00,0,0,0.14,105.00,0,0,2774.29
168,Idaho,Minidoka,R,,LM,1230,17785.2,1740,0,0,0.00,0,16.15,0,0.00,2.49,0,20773.84
169,Illinois,Chautauqua,,,,0,0,0,0,4595.84,245593.00,1708.54,0,248.62,6.00,34.99,0,6587.99
170,Illinois,Crab Orchard,,,,0,0,42492.01,0,1483.52,658824.00,0,0,0,0.00,0,0,43975.53
171,Illinois,Cypress Creek,,,,0,0,0,0,16043.62,12706329.00,400.2,0,1.84,8040.00,0,0,16445.66
172,Illinois,Emiquon,,,,0,0,0,0,2558.7,4063650.00,0,0,0,0.00,0,0,2558.7
174,Illinois,Great River,,E,,0,0,0,5490.81,2419.87,778203.00,59.95,0,0,0.00,0,0,7970.63
175,Illinois,Hackmatack,,,,0,0,0,0,27.15,103000.00,0,0,0,0.00,54.04,0,81.19
176,Illinois,Kankakee,,,,0,0,0,0,0,0.00,66,0,0,0.00,0,0,66
177,Illinois,Meredosia,,,,0,0,0,0,1363.31,1484790.00,2139.15,0,0,0.00,0,0,3502.46
178,Illinois,Middle Mississippi River,,,,0,0,0,0,2791.87,1125095.00,3607.07,0,0,0.00,0,0,6398.94
179,Illinois,Port Louisa,,E,,0,0,0,1466,10.8,31350.00,0,0,0,0.00,0,0.29,1477.09
180,Illinois,Two Rivers,,"E,A",,0,0,0,7017,853.17,462344.00,2.31,0,32.72,44555.00,0,128,8033.2
181,Illinois,Upper Mississippi River,,"E,A",,65.15,0,4057.37,26243.73,2924.73,48620.00,0,0,0.19,1.00,0,0,33291.17
182,Indiana,Big Oaks,,A,,0,0,0,51000,0,0.00,0,0,0,0.00,0,0,51000
184,Indiana,Muscatatuck,,,,0,0,0,0,7723.99,3612838.00,78.23,0,0,0.00,0,0,7802.22
185,Indiana,Patoka River,,,,0,0,0,0,7446.61,7593363.00,1449.15,0,1073.49,1121800.00,1.5,0,9970.75
186,Iowa,Desoto,,,,0,0,0,0,3499.16,735409.00,0,0,0,0.00,3.61,0,3502.77
187,Iowa,Driftless Area,,,,0,0,0,0,1169.62,1490925.00,20,0,0.2,1250.00,0,0,1189.82
189,Iowa,Neal Smith,,,,0,0,0,0,5741.12,8433962.00,0,0,1.01,0.00,0,0,5742.13
190,Iowa,Northern Tallgrass Prairie,,,,0,0,0,0,602.1,1745112.00,0,0,0.33,1.00,0,0,602.43
191,Iowa,Port Louisa,,E,,0,0,0,10444.83,12146.76,2739050.00,80,0,0,0.00,0.09,0,22671.68
192,Iowa,Union Slough,,,,0,0,0,0,2845.24,210407.00,0,0,70.7,608.00,0,0,2915.94
193,Iowa,Upper Mississippi River,,E,,333.66,0,0,30315,21099,1666368.00,0.57,0,0,0.00,0,0,51748.23
194,Kansas,Flint Hills,,E,,0,0,0,18463.21,0,0.00,0,0,0.15,550.00,0,0,18463.36
195,Kansas,Flint Hills Legacy,,,,0,0,0,0,0,0.00,0,0,8762.7,3016450.00,291.04,0,9053.74
197,Kansas,Kirwin,,R,,0,0,0,10778,0,0.00,0,0,0,0.00,0,0,10778
198,Kansas,Marais des Cygnes,,,,0,0,0,0,7341.77,3171756.00,23,0,0,0.00,0,0,7364.77
199,Kansas,Quivira,,,,0,0,0,0,21820.1,2059238.00,199.2,0,0,0.00,0,0,22019.3
200,Kentucky,Clarks River,,,,0,0,24.88,0,9363.07,11176873.00,0,0,0.09,500.00,0,0,9388.04
201,Kentucky,Ohio River Islands,,,,0,0,0,0,412.91,343640.00,0,0,0,0.00,0,0,412.91
202,Kentucky,Reelfoot,,,,0,0,0,0,2039.64,418450.00,0,0,0,0.00,0,0,2039.64
203,Louisiana,Atchafalaya,,,,0,0,0,0,15770.41,11065618.00,0,0,0,0.00,0,0,15770.41
204,Louisiana,Bayou Cocodrie,,,,0,0,0,0,14718.51,8697578.00,0,0,0,0.00,0,0,14718.51
205,Louisiana,Bayou Sauvage,,,,0,0,0,0,24245.73,12190100.00,0,0,0,0.00,0,405,24650.73
206,Louisiana,Bayou Teche,,,,0,0,0,0,9553.9,5002774.00,0,0,0,0.00,0.14,0,9554.04
207,Louisiana,Big Branch Marsh,,,,0,0,0,0,6708.24,9766524.00,11832.54,0,5.7,1.00,0,0,18546.48
208,Louisiana,Black Bayou Lake,,,,0,0,0,0,3706.45,8084850.00,0,0,0,0.00,0,1620,5326.45
209,Louisiana,Bogue Chitto,,,,0,0,0,0,29061.4,13761589.00,392.92,0,0,0.00,0,0,29454.32
210,Louisiana,Breton,,,,9047,0,0,0,0,0.00,0,0,0,0.00,0,0,9047
211,Louisiana,Cameron Prairie,,,,0,0,14926.73,0,9621.3,5090650.00,0,0,0,0.00,0,0,24548.03
212,Louisiana,Cat Island,,,,0,0,0,0,10959.77,11926172.00,13.4,0,0,0.00,0,0,10973.17
213,Louisiana,Catahoula,,,,0,0,0,0,19104.54,7751497.00,6272.84,0,34.3,20000.00,0,3727.16,29138.84
214,Louisiana,D'Arbonne,,,,0,0,17419.63,0,0,0.00,0,0,0,0.00,0,0,17419.63
215,Louisiana,Delta,E,,,1407.65,2892.3,10036.42,0,34462.73,233324.00,0,0,2.31,0.00,0,0,48801.41
217,Louisiana,Grand Cote,,,,0,0,0,0,6014.33,2173000.00,0,0,0,0.00,0,0,6014.33
218,Louisiana,Handy Brake,,,,0,0,465.7,0,0,0.00,0,0,0,0.00,0,0,465.7
219,Louisiana,Lacassine,,,,0,0,22991.51,0,10728.88,1558256.00,0,0,0,0.00,0,640,34360.39
220,Louisiana,Lake Ophelia,,,,0,0,13.7,0,17347.76,7392080.00,0,0,0,0.00,0,200,17561.46
221,Louisiana,Mandalay,,,,0,0,0,0,0,0.00,4416,0,0,0.00,0.73,203,4619.73
222,Louisiana,Red River,,,,0,0,0,0,13692.71,14017251.00,1232.18,0,0,0.00,2.8,0,14927.69
223,Louisiana,Sabine,,,,0,0,123943.42,0,566.66,14001.00,0,0,0,0.00,0,1280,125790.08
224,Louisiana,Shell Keys,,,,8,0,0,0,0,0.00,0,0,0,0.00,0,0,8
225,Louisiana,Tensas River,,,,0,0,53174.58,0,23472.24,18764269.00,528.44,0,195.17,41533.00,1.5,72,77443.93
226,Louisiana,Upper Ouachita,,,,0,0,0,0,54236.94,39660162.00,0,0,0,0.00,6.3,0,54243.24
227,Maine,Aroostook,,,,0,0,4694.22,0,253.03,62120.00,0,305,0,0.00,0,0,5252.25
228,Maine,Cross Island,,,,0,0,0,0,164.7,0.00,1558.4,0,0,0.00,0,0,1723.1
229,Maine,Franklin Island,,,,0,0,11.94,0,0,0.00,0,0,0,0.00,0,0,11.94
231,Maine,Moosehorn,,,,0,0,6489.73,0,22376.71,5841634.00,713.81,0,34.31,1.00,3.58,0.6,29618.74
232,Maine,Petit Manan,,,,0,0,515.88,0,3980.26,9511447.00,1901.84,33.92,72.19,658000.00,202.77,21.72,6728.58
233,Maine,Pond Island,,,,0,0,10,0,0,0.00,0,0,0,0.00,0,0,10
234,Maine,Rachel Carson,,,,0,0,0,0,4880.46,25962187.00,618.27,0,40.44,307003.00,135.4,0,5674.57
235,Maine,Seal Island,,,,0,0,65,0,0,0.00,0,0,0,0.00,0,0,65
236,Maine,Sunkhaze Meadows,,,,0,0,0,0,11431.92,2637250.00,126.3,0,0,0.00,0,0,11558.22
237,Maine,Umbagog,,,,0,0,0,0,12159.5,10475977.00,24.32,0,0,0.00,1.69,0,12185.51
238,Maryland,Blackwater,,,,0,0,0,0,28538.63,26068229.00,1457.44,0,112.83,110002.00,41.99,0,30150.89
239,Maryland,Chincoteague,,,,0,0,0,0,417.81,13780.00,0,0,0,0.00,0,0,417.81
240,Maryland,Eastern Neck,,,,0,0,0,0,2286.27,1606145.00,0,0,0,0.00,0,0,2286.27
242,Maryland,Martin,,,,0,0,0,0,1853.57,61027.00,2569.86,0,0,0.00,0,0,4423.43
243,Maryland,Patuxent,,,,0,0,11796.2,0,988.83,1297744.00,0,0,0,0.00,0,55.9,12840.93
244,Maryland,Susquehanna,,,,0,0,3.79,0,0,0.00,0,0,0,0.00,0,0,3.79
245,Massachusetts,Assabet River,,,,0,0,2233.35,0,103.38,125273.00,0,0,0,0.00,0,0,2336.73
246,Massachusetts,Great Meadows,,,,0,0,0,0,3566.05,11917651.00,291.23,0,17.33,345590.00,0,0,3874.61
247,Massachusetts,Mashpee,,,,0,0,0,0,289.87,3085000.00,3,0,0,0.00,54.25,190,537.12
248,Massachusetts,Massasoit,,,,0,0,0,0,208.51,1142332.00,0,0,0,0.00,0,0,208.51
249,Massachusetts,Monomoy,,,,0,0,4.94,0,7893.29,149465.00,0,0,0,0.00,0,0,7898.23
250,Massachusetts,Nantucket,,,,0,0,24,0,0,0.00,0,0,0,0.00,0,0,24
251,Massachusetts,Nomans Land Island,,,,0,0,628,0,0,0.00,0,0,0,0.00,0,0,628
252,Massachusetts,Oxbow,,,,0,0,1547.33,0,128.06,3410000.00,17.63,0,0,0.00,4,0.51,1697.53
253,Massachusetts,Parker River,,,,0,0,1.9,0,4725.31,960743.00,0,0,0,0.00,0,0,4727.21
254,Massachusetts,Silvio O. Conte,,,,0,0,0,0,1096.38,11478071.00,149.32,0,0,0.00,0,244.55,1490.25
255,Massachusetts,Thacher Island,,,,0,0,22,0,0,0.00,0,0,0,0.00,0,0,22
256,Michigan,Detroit River,,,,304.47,0,208.53,0,811.01,5959300.00,1111.63,0,0,0.00,0,3720.58,6156.22
258,Michigan,Green Bay,,,,0,0,0,0,1279,428000.00,10,0,0,0.00,0,0,1289
259,Michigan,Harbor Island,,,,0,0,0,0,695,197000.00,0,0,0,0.00,0,0,695
260,Michigan,Huron,,,,22.5,0,124.35,0,0,0.00,0,0,0,0.00,0,0,146.85
261,Michigan,Kirtlands Warbler,,,,0,0,0,0,6684.46,3526886.00,0,0,0,0.00,0,0,6684.46
262,Michigan,Michigan Islands,,,,11.94,0,229.7,0,224.87,892000.00,235.33,0,0.15,0.00,3,0,704.99
263,Michigan,Seney,,,,2660.6,0,7058.59,0,85545.47,950929.00,0,0,0,0.00,0,0,95264.66
264,Michigan,Shiawassee,,,,0,0,0,0,9455.14,3230336.00,318.45,0,0,0.00,0,80,9853.59
265,Minnesota,Agassiz,,,,6,0,60091.88,0,954.3,40226.00,0,0,448.75,3.00,0,0,61500.93
266,Minnesota,Big Stone,,E,,0,0,10540.43,254.2,790.79,719900.00,0,0,0,0.00,0,0,11585.42
267,Minnesota,Crane Meadows,,,,0,0,0,0,1938.53,1646965.00,108.42,0,0,0.00,0,0,2046.95
269,Minnesota,Glacial Ridge,,,,0,0,0,0,18733.43,6454110.00,4354.34,0,0,0.00,0,0,23087.77
270,Minnesota,Hamden Slough,,,,0,0,0,0,3149.59,1971872.00,0,0,73.4,0.00,0,0,3222.99
271,Minnesota,Mille Lacs,,,,0.6,0,0,0,0,0.00,0,0,0,0.00,0,0,0.6
272,Minnesota,Minnesota Valley,,,,0,0,236.57,0,7519.68,20017054.00,2089.01,5.19,5.84,7100.00,20.51,1669.98,11546.78
273,Minnesota,Northern Tallgrass Prairie,,,,0,0,117.72,0,2491.07,3535475.00,2094.25,0,2998.76,2709078.00,3553.46,0,11255.26
274,Minnesota,Rice Lake,,,,0,0,7786.21,0,6640.71,265330.00,0,0,0,0.00,0,0,14426.92
275,Minnesota,Rydell,,,,0,0,0,0,0,0.00,2070,0,0,0.00,0,0,2070
276,Minnesota,Sherburne,,,,0,0,0,0,29677.84,3296341.00,0,0,0,0.00,0,0,29677.84
277,Minnesota,Tamarac,,,,40,0,0,0,35157.96,807160.00,0,0,0,0.00,0,0,35197.96
278,Minnesota,Upper Mississippi River,,E,,241.58,0,0,15420.77,18938.42,2886565.00,213.07,0,0,0.00,0,92.97,34906.81
279,Mississippi,Bogue Chitto,,,,0,0,0,0,6824.23,6625719.00,250.58,0,0,0.00,0,95,7169.81
280,Mississippi,Coldwater River,,,,0,0,94.26,0,2387.5,2198450.00,0,0,0,0.00,0,0,2481.76
281,Mississippi,Dahomey,,,,0,0,0,0,8744.8,4900000.00,162,0,0,0.00,0,260,9166.8
283,Mississippi,Grand Bay,,,,0,0,0,0,3247.28,3543033.00,4299.13,0,0,0.00,0,0,7546.41
284,Mississippi,Hillside,,,,0,0,15383.13,0,292.93,166000.00,22.74,0,0,0.00,0,0,15698.8
285,Mississippi,Holt Collier,,,,0,0,1396.6,0,964.63,1026300.00,575.5,0,0,0.00,0,0,2936.73
286,Mississippi,Mathews Brake,,,,0,0,0,0,2414.71,1691446.00,0,0,0,0.00,0,0,2414.71
287,Mississippi,Mississippi Sandhill Crane,,,,0,0,0,0,17630.01,21115501.00,643.54,0,595.2,263000.00,0,967,19835.75
288,Mississippi,Morgan Brake,,,,0,0,0,0,7331.94,4698782.00,131.83,0,0,0.00,0,0,7463.77
289,Mississippi,Panther Swamp,,E,,0,0,0,7070.45,32933.36,20453483.00,0,0,3.7,25000.00,1.51,640,40649.02
290,Mississippi,Sam D. Hamilton Noxubee,,,,40.08,0,35343.85,0,11909.03,183913.00,80,0,0,0.00,0,0,47372.96
291,Mississippi,St. Catherine Creek,,,,0,0,0,0,24589.29,12925167.00,0,0,0,0.00,0,502.1,25091.39
292,Mississippi,Tallahatchie,,,,0,0,0,0,2517.74,1361000.00,1600,470,0,0.00,0,0,4587.74
293,Mississippi,Theodore Roosevelt,,,,0,0,4652.35,0,1692.59,110300.00,6.58,0,0,0.00,0.81,0,6352.33
294,Mississippi,Yazoo,,,,0,0,0,0,12942.64,2659744.00,0,0,0,0.00,0,0,12942.64
295,Missouri,Big Muddy,,A,,0,0,442,7509.98,10160.56,8655702.00,0,0,2.08,1001.00,0,0,18114.62
296,Missouri,Clarence Cannon,,,,0,0,0,0,3750.48,1183864.00,0,0,0,0.00,0,0,3750.48
298,Missouri,Great River,,,,0,0,0,0,2809.93,1677000.00,0,0,0,0.00,0,0,2809.93
299,Missouri,Loess Bluffs,,,,0,0,3049.1,0,4300.96,573972.00,0,0,57.73,175003.00,7.1,0,7414.89
300,Missouri,Middle Mississippi River,,,,0,0,0,0,1704.17,1914805.00,0,0,0,0.00,0,0,1704.17
301,Missouri,Mingo,,,,0,0,0,0,21591.25,317366.00,0,0,28.32,52.00,39.72,0,21659.29
302,Missouri,Ozark Cavefish,,,,0,0,0,0,41.8,132000.00,0,0,0,0.00,0,0,41.8
303,Missouri,Pilot Knob,,,,0,0,0,0,0,0.00,90,0,0,0.00,0,0,90
304,Missouri,Swan Lake,,,,0,0,5923.42,0,5569.55,355193.00,0,0,0,11.00,0,0,11492.97
305,Missouri,Two Rivers,,E,,0,0,0,232,0,0.00,0,0,0,0.00,0,0,232
306,Montana,Benton Lake,,,,12234.92,0,0,0,147.64,5315.00,0,7.75,60.94,8963.00,8.19,42.08,12501.52
307,Montana,Black Coulee,,,,640,0,0,0,0,0.00,0,0,0,0.00,668.88,0,1308.88
308,Montana,Blackfoot Valley,,,,0,0,0,0,0,0.00,0,0,41037,21085261.00,4749.46,0,45786.46
309,Montana,Bowdoin,,,,14796.58,0,640,0,0,0.00,0,0,0,0.00,114.84,0.55,15551.97
310,Montana,Charles M. Russell,E,E,,358196.42,380901.03,8570.34,147399.11,16364.09,5089240.00,11717.36,0,35.12,356.00,622.04,11343.04,935148.55
311,Montana,Creedman Coulee,,,,80,0,0,0,0,0.00,0,0,0,0.00,2648,0,2728
313,Montana,Grass Lake,,,,0,0,0,0,3279.02,291000.00,0,0,399.22,0.00,0,640,4318.24
314,Montana,Hailstone,,,,160,0,0,0,0,0.00,0,0,0,0.00,760,0,920
315,Montana,Hewitt Lake,,,,400,0,320.49,0,0,0.00,0,0,0,0.00,640.43,0,1360.92
316,Montana,Lake Mason,,,,17.59,0,6981.65,0,4256.6,18500.00,0,0,0,0.00,5558.68,0,16814.52
317,Montana,Lake Thibadeau,,,,19.42,0,0,0,0,0.00,0,0,0,0.00,3849.06,0,3868.48
318,Montana,Lamesteer,,,,0,0,0,0,0,0.00,0,0,0,0.00,800,0,800
319,Montana,Lee Metcalf,,,,0,0,0,0,2792.52,868080.00,0,0,0,0.00,7,0,2799.52
320,Montana,Lost Trail,,,,0,0,0,0,4764.07,1918205.00,3112,0,0,0.00,0,1029.04,8905.11
321,Montana,Medicine Lake,,,,1520.99,0,27412.53,0,2562.96,29660.00,3.64,0,7.28,0.00,0,26.31,31533.71
322,Montana,National Bison Range,,,,0,0,18479.5,0,320.34,477200.00,0,0,0,0.00,0,0,18799.84
323,Montana,Nine-Pipe,,,BIA,0,0,0,0,0,0.00,0,2021.95,2005.73,1079800.00,0,0,4027.68
324,Montana,Pablo,,,BIA,0,0,0,0,0,0.00,0,2473.52,0,0.00,0,0,2473.52
325,Montana,Red Rock Lakes,F,,,9218.31,594.28,26036.34,0,15013.53,16179860.00,564,0,18171.8,5119150.00,5634.2,9580.01,84812.47
326,Montana,Rocky Mountain Front,,,,0,0,0,0,0,0.00,0,0,72598.26,28574500.00,15250.15,0,87848.41
327,Montana,Swan River,,,,0,0,0,0,1960.86,2469645.00,0,0,0,0.00,0,0,1960.86
328,Montana,Swan Valley,,,,0,0,0,0,0,0.00,0,0,0,0.00,80,0,80
329,Montana,UL Bend,E,E,,29678.22,6937.46,1299.79,7925.9,9688.19,577280.00,0,0,0,0.00,0,560,56089.56
330,Montana,War Horse,,,,0,0,2434.88,0,397.99,0.00,0,0,560,0.00,0,0,3392.87
331,Nebraska,Boyer Chute,,,,0,0,0,0,1395.32,3282175.00,2644.49,0,0.06,1000.00,0,0,4039.87
332,Nebraska,Crescent Lake,,,,265.87,0,240,0,45457.99,323115.00,0,0,31.49,0.00,0,0,45995.35
333,Nebraska,Desoto,,,,0,0,0,0,4324.2,761275.00,0,0,0,0.00,0,0,4324.2
334,Nebraska,Fort Niobrara,,,,14778.12,0,2383.91,0,1893.92,34309.00,76.58,0,0,0.00,0,0,19132.53
336,Nebraska,John W. & Louise Seier,,,,0,0,0,0,0,0.00,2400,0,0,0.00,0,0,2400
337,Nebraska,Karl E. Mundt,,,,0,0,0,0,0,0.00,19.39,0,0,0.00,0,0,19.39
338,Nebraska,North Platte,R,,,742.89,2684.81,0,0,45.53,27500.00,0,0,0,0.00,0,0,3473.23
339,Nebraska,Valentine,,,,0,0,65114,0,6599.84,78572.00,60,0,0,0.00,1324.25,0,73098.09
340,Nevada,Anaho Island,,,,247.73,0,0,0,0,0.00,0,0,0,0.00,0,0,247.73
341,Nevada,Ash Meadows,,,,9460.66,0,0,0,14333.48,11624225.00,0,0,0,0.00,0,0,23794.14
342,Nevada,Desert,,,,1614625.89,0,0,0,760,592800.00,0,0,0,0.00,0,0,1615385.89
343,Nevada,Fallon,R,,,0,17901.94,0,0,0,0.00,0,0,0,0.00,0,0,17901.94
344,Nevada,Lahontan Valley,,,,0,0,0,0,5642.52,28321685.00,0,0,0,0.00,0,0,5642.52
345,Nevada,Moapa Valley,,,,0,0,0,0,135.93,3525000.00,0,0,0,0.00,0,0,135.93
346,Nevada,Pahranagat,,,,1466.39,0,0,0,3006.3,500000.00,674.5,0,0,0.00,0.75,1.16,5149.1
347,Nevada,Ruby Lake,,,,8325.53,0,0,0,31600.57,208437.00,0,0,0,0.00,0,0,39926.1
348,Nevada,Sheldon,LM,,,544276.82,80,0,0,23853.67,28902.00,4815.66,0,0,0.00,0,0,573026.15
349,Nevada,Stillwater,,,,76304.53,0,0,0,5017.66,5685740.00,0,0,0,0.00,0,0,81322.19
350,New Hampshire,Great Bay,,,,0,0,1054,0,33.18,1268560.00,0,0,0,0.00,28.9,0,1116.08
351,New Hampshire,John Hay,,,,0,0,0,0,0,0.00,81.1,0,0,0.00,0,0,81.1
352,New Hampshire,Silvio O. Conte,,,,0,0,0,0,7478.91,5833675.00,41.15,0,930.72,1186815.00,0,0,8450.78
353,New Hampshire,Umbagog,,,,0,0,0,0,24335.04,22352984.00,0,0,525.51,11202.00,2.82,0.11,24863.48
354,New Hampshire,Wapack,,,,0,0,0,0,0,0.00,1647,0,0,0.00,0,0,1647
355,New Jersey,Cape May,,,,0,0,0,0,11485.46,31876686.00,655.71,0,0.23,1.00,0,490.8,12632.2
356,New Jersey,Edwin B. Forsythe,,,,0,0,56.5,0,43615.85,50606891.00,1391.22,0,0,0.00,2413.03,0,47476.6
357,New Jersey,Great Swamp,,,,0,0,0,0,4905.73,25575130.00,2872.2,0,1.66,5179.00,0,0,7779.59
358,New Jersey,Supawna Meadows,C,,,0,1.96,6.86,0,3137.19,4554544.00,127.6,0,0,0.00,257.6,0,3531.21
359,New Jersey,Wallkill River,,,,0,0,0,0,5295.3,24088101.00,359.7,0,0,1.00,0,0,5655
360,New Mexico,Bitter Lake,,,,12395.71,0,0,0,12212.93,843804.00,0,0,0,0.00,0,0,24608.64
361,New Mexico,Bosque del Apache,,,,140,0,0,0,56850.31,125311.00,140.08,0,200.79,0.00,0,0,57331.18
362,New Mexico,Grulla,,,,3230.55,0,0,0,0,0.00,0,0,0,0.00,0,0,3230.55
363,New Mexico,Las Vegas,,,,0,0,0,0,8672.08,2121150.00,0,0,0,0.00,0,0,8672.08
364,New Mexico,Maxwell,,R,,0,0,0,438.52,2791.69,423371.00,0,0,0,0.00,0,468.38,3698.59
365,New Mexico,Rio Mora,,,,0,0,0,0,0,0.00,4223.9,0,0,0.00,0,0,4223.9
366,New Mexico,San Andres,LM,,,0,57215.48,0,0,0,0.00,0,0,0,0.00,0,0,57215.48
367,New Mexico,Sevilleta,,,,0,0,0,0,9411.07,1545765.00,220200,0,0,0.00,62.5,0,229673.57
368,New Mexico,Valle de Oro,,,,0,0,0,0,171.8,7294191.00,398.26,0,0,0.00,0,0,570.06
369,New York,Amagansett,,,,0,0,35.84,0,0,0.00,0,0,0,0.00,0,0,35.84
370,New York,Conscience Point,,,,0,0,0,0,0,0.00,60.4,0,0,0.00,0,0,60.4
371,New York,Elizabeth A. Morton,,,,0,0,0,0,0,0.00,187.19,0,0,0.00,0,0,187.19
373,New York,Great Thicket,,,,0,0,0,0,0,0.00,144.1,0,0,0.00,0,0,144.1
374,New York,Iroquois,,,,0,0,0,0,10824.61,1281820.00,0,0,3.45,0.00,0,0,10828.06
375,New York,Montezuma,,,,0,0,0,0,9592.2,6452900.00,13.97,0,401.59,1.00,1.6,0,10009.36
376,New York,Oyster Bay,,,,0,0,0,0,0,0.00,3362.48,0,0,0.00,0,0,3362.48
377,New York,Seatuck,,,,0,0,0,0,0,0.00,209.23,0,0,0.00,0,0,209.23
378,New York,Shawangunk Grasslands,,,,0,0,566.53,0,0,0.00,31.01,0,0,0.00,0,0,597.54
379,New York,Target Rock,,,,0,0,0,0,0,0.00,80.09,0,0,0.00,0,0,80.09
380,New York,Wallkill River,,,,0,0,0,0,147.09,236960.00,160.6,0,0,0.00,0,0,307.69
381,New York,Wertheim,,,,0,0,142.16,0,674.89,6982490.00,1870.74,0,0,0.00,0,0,2687.79
382,North Carolina,Alligator River,,,,0,0,0,0,32073.65,7201767.00,125758.95,0,0,0.00,0,853.77,158686.37
383,North Carolina,Cedar Island,,,,0,0,31.4,0,12498.77,389171.00,1966.15,0,0,0.00,0,0,14496.32
384,North Carolina,Currituck,,,,0,0,0,0,3699.36,9223384.00,0,0,225.84,120000.00,3705,0,7630.2
386,North Carolina,Great Dismal Swamp,,,,0,0,0,0,16645.4,7725914.00,10957,0,0,14001.00,0,0,27602.4
387,North Carolina,Mackay Island,,,,0,0,0,0,6926.95,3051507.00,841.88,0,0,0.00,0,0,7768.83
388,North Carolina,Mattamuskeet,,,,0,0,49918.8,0,252.04,1285.00,0,0,0,0.00,0,3.09,50173.93
389,North Carolina,Mountain Bogs,,,,0,0,0,0,0,0.00,0,0,0,0.00,35.66,0,35.66
390,North Carolina,Pea Island,,CG,,0,0,34.85,11.38,5788.14,360402.00,0,0,0,0.00,0,0,5834.37
391,North Carolina,Pee Dee,,,,0,0,0,0,8465.85,2686210.00,0,0,0.75,157.00,0,0,8466.6
392,North Carolina,Pocosin Lakes,,,,0,0,0,0,12350.35,1682158.00,97756.29,0,0,0.00,0,0,110106.64
393,North Carolina,Roanoke River,,,,0,0,0,0,20562.43,11008258.00,0,0,0,0.00,0,0,20562.43
394,North Carolina,Swanquarter,,,,0,0,0,0,15500.76,61001.00,910.33,0,0,0.00,0,0,16411.09
395,North Dakota,Appert Lake,,,,0,0,0,0,0,0.00,0,0,0,0.00,907.75,0,907.75
396,North Dakota,Ardoch,,,,0,0,0,0,293.41,4739.00,14.22,0,0,0.00,2388.5,0,2696.13
397,North Dakota,Arrowwood,,,,4.28,0,11248.72,0,2097.51,46907.00,3.34,0,0,0.00,2589.01,0,15942.86
398,North Dakota,Audubon,,E,,0,0,0,14739.19,0,0.00,0,0,0,0.00,0,0,14739.19
399,North Dakota,Bone Hill,,,,0,0,0,0,0,0.00,0,0,0,0.00,640,0,640
400,North Dakota,Brumba,,,,0,0,0,0,0,0.00,0,0,0,0.00,1977.48,0,1977.48
401,North Dakota,Buffalo Lake,,,,23.8,0,0,0,0,0.00,0,0,0,0.00,1539.92,0,1563.72
402,North Dakota,Camp Lake,,,,0,0,0,0,0,0.00,0,0,0,0.00,584.7,0,584.7
403,North Dakota,Canfield Lake,,,,0,0,0,0,3.1,100.00,0,0,0,0.00,310.13,0,313.23
404,North Dakota,Chase Lake,,,,0,0,0,0,4449.47,25611.00,0,0,0,0.00,0,0,4449.47
405,North Dakota,Cottonwood Lake,,,,0,0,0,0,0,0.00,0,0,0,0.00,1013.47,0,1013.47
406,North Dakota,Dakota Grassland,,,,0,0,0,0,0,0.00,0,0,70528.96,32271325.00,1070.76,0,71599.72
407,North Dakota,Dakota Lake,,,,0,0,0,0,0,0.00,0,0,0,0.00,2799.78,0,2799.78
408,North Dakota,Dakota Tallgrass Prairie,,,,0,0,0,0,0,0.00,0,0,6215.14,2169500.00,0,0,6215.14
409,North Dakota,Des Lacs,,,,100.23,0,13237.02,0,701.82,6894.00,30,0.26,2.7,0.00,5475.11,0,19547.14
410,North Dakota,Florence Lake,,,,0,0,0,0,1468.4,31485.00,0,0,0,0.00,419.8,0,1888.2
412,North Dakota,Half-Way Lake,,,,0,0,0,0,0,0.00,0,0,160,0.00,0,0,160
413,North Dakota,Hiddenwood,,,,0,0,0,0,0,0.00,0,0,568.35,0.00,0,0,568.35
414,North Dakota,Hobart Lake,,,,9.4,0,0,0,236.49,5165.00,0,0,0,0.00,1831.21,0,2077.1
415,North Dakota,Hutchinson Lake,,,,0,0,0,0,0,0.00,0,0,0,0.00,478.9,0,478.9
416,North Dakota,J. Clark Salyer,,,,320.66,0,36687.01,0,21691.09,308853.00,2.59,0,50.52,0.00,640,0,59391.87
417,North Dakota,Johnson Lake,,,,0,0,0,0,0,0.00,4.49,0,0,0.00,2003.42,0,2007.91
418,North Dakota,Kellys Slough,,,,680,0,0,0,118.75,31000.00,0,0,0,0.00,470.75,0,1269.5
419,North Dakota,Lake Alice,,,,0,0,160,0,8349.86,2195534.00,2.18,0,8,0.00,3575.5,0,12095.54
420,North Dakota,Lake George,,,,29.2,0,0,0,0,0.00,0,0,0,0.00,3089.61,0,3118.81
421,North Dakota,Lake Ilo,,,,0,0,0,0,3186.5,116422.00,10.71,0,120,0.00,715.91,0,4033.12
422,North Dakota,Lake Nettie,,,,0,0,0,0,2420.6,148245.00,0,0,0,0.00,634.3,0,3054.9
423,North Dakota,Lake Otis,,,,0,0,0,0,0,0.00,0,0,0,0.00,320,0,320
424,North Dakota,Lake Patricia,,,,0,0,0,0,0,0.00,0,0,0,0.00,800.23,0,800.23
425,North Dakota,Lake Zahl,,,,40,0,0,0,3178.98,53275.00,0,0,0,0.00,604.21,0,3823.19
426,North Dakota,Lambs Lake,,,,0,0,0,0,0,0.00,0,0,0,0.00,1206.67,0,1206.67
427,North Dakota,Little Goose,,,,0,0,0,0,0,0.00,0,0,0,0.00,288.41,0,288.41
428,North Dakota,Long Lake,,,,1170.34,0,0,0,12738.82,107180.00,0,0,27.42,500.00,8344.57,217.35,22498.5
429,North Dakota,Lords Lake,,,,0,0,0,0,0,0.00,0,0,0,0.00,1915.29,0,1915.29
430,North Dakota,Lost Lake,,,,0,0,0,0,0,0.00,0,0,0,0.00,960.21,0,960.21
431,North Dakota,Lostwood,,,,203.6,0,23395.86,0,3989.12,398928.00,0,0,0,0.00,0,0,27588.58
432,North Dakota,Maple River,,,,0,0,0,0,0,0.00,0,0,0,0.00,712,0,712
433,North Dakota,McLean,,,,0,0,0,0,344,12516.00,0,0,0,0.00,416,0,760
434,North Dakota,North Dakota,,,,0,0,0,0,0,0.00,0,0,48793.26,4149940.00,0,0,48793.26
435,North Dakota,Pleasant Lake,,,,0,0,0,0,0,0.00,0,0,0,0.00,897.8,0,897.8
436,North Dakota,Pretty Rock,,,,0,0,0,0,0,0.00,0,0,0,0.00,800,0,800
437,North Dakota,Rabb Lake,,,,0,0,0,0,0,0.00,0,0,0,0.00,260.8,0,260.8
438,North Dakota,Rock Lake,,,,0,0,0,0,0,0.00,160,0,0,0.00,5505.96,0,5665.96
439,North Dakota,Rose Lake,,,,0,0,0,0,0,0.00,0,0,0,0.00,836.3,0,836.3
440,North Dakota,School Section Lake,,,,0,0,0,0,0,0.00,0,0,0,0.00,297.3,0,297.3
441,North Dakota,Shell Lake,,,,0,0,0,0,785.2,38902.00,0,0,0,0.00,1049.9,0,1835.1
442,North Dakota,Sheyenne Lake,,,,0,0,0,0,0,0.00,0,0,0,0.00,797.3,0,797.3
443,North Dakota,Sibley Lake,,,,0,0,0,0,0,0.00,0,0,0,0.00,1077.4,0,1077.4
444,North Dakota,Silver Lake,,,,0,0,0,0,0,0.00,0,0,0,0.00,3347.64,0,3347.64
445,North Dakota,Slade,,,,0,0,0,0,0,0.00,3000.2,0,0,0.00,0,0,3000.2
446,North Dakota,Snyder Lake,,,,0,0,0,0,0,0.00,0,0,0,0.00,1550.18,0,1550.18
447,North Dakota,Springwater,,,,0,0,0,0,0,0.00,0,0,0,0.00,640,0,640
448,North Dakota,Stewart Lake,,,,0,0,0,0,636.01,92200.00,3.99,0,0,0.00,1590.4,0,2230.4
449,North Dakota,Stoney Slough,,,,0,0,0,0,0,0.00,0,0,0,0.00,880,0,880
450,North Dakota,Storm Lake,,,,0,0,0,0,1.7,161.00,0,0,0,0.00,684.2,0,685.9
451,North Dakota,Stump Lake,,,,27.39,0,0,0,0,0.00,0,0,0,0.00,0,0,27.39
452,North Dakota,Sullys Hill,,,,1673.85,0,0,0,0,0.00,0,0,0,0.00,1.29,0,1675.14
453,North Dakota,Sunburst Lake,,,,0,0,0,0,0,0.00,0,0,0,0.00,327.51,0,327.51
454,North Dakota,Tewaukon,,,,1.48,0,0,0,6836.3,460122.00,20.35,0,0,0.00,1505.49,0,8363.62
455,North Dakota,Tomahawk,,,,0,0,0,0,0,0.00,0,0,0,0.00,440,0,440
456,North Dakota,Upper Souris,,,,160.17,0,28758.43,0,3159.99,41220.00,7.36,0,3.76,0.00,212.54,0,32302.25
457,North Dakota,White Lake,,,,0,0,0,0,1040,28800.00,0,0,0,0.00,0,0,1040
458,North Dakota,Wild Rice Lake,,,,0,0,0,0,0,0.00,0,0,0,0.00,778.8,0,778.8
459,North Dakota,Willow Lake,,,,0,0,0,0,0,0.00,0.69,0,0,0.00,2619.69,0,2620.38
460,North Dakota,Wintering River,,,,0,0,0,0,0,0.00,0,0,0,0.00,239.26,0,239.26
461,North Dakota,Wood Lake,,,,0,0,0,0,0,0.00,0,0,0,0.00,280,0,280
462,Ohio,Cedar Point,,,,0,0,0,0,0,0.00,2445.42,0,0,0.00,4.35,0,2449.77
464,Ohio,Ottawa,,,,0,0,0,0,6374.41,6317494.00,509.03,0,0,0.00,0.05,770.14,7653.63
465,Ohio,West Sister Island,,,,77.13,0,0,0,0,0.00,0,0,0,0.00,3,0,80.13
466,Oklahoma,Deep Fork,,,,0,0,0,0,9815.09,3369238.00,291.81,0,3.89,3788.00,2.53,0,10113.32
468,Oklahoma,Little River,,,,0,0,350.54,0,13704.98,11103645.00,0,0,0,0.00,0.75,0,14056.27
469,Oklahoma,Optima,,E,,0,0,0,4332.81,0,0.00,0,0,0,0.00,0,0,4332.81
470,Oklahoma,Ozark Plateau,,,,0,0,255,0,2593.04,787165.00,1247.7,0,160.98,26551.00,0,255,4511.72
471,Oklahoma,Salt Plains,,E,,19314.09,0,0,11565.28,1117.39,50837.00,170.74,0,0,0.00,29.81,0,32197.31
472,Oklahoma,Sequoyah,,E,,0,0,0,20800,0,0.00,0,0,0,0.00,0,0,20800
473,Oklahoma,Tishomingo,,E,,0,0,0,16464.18,0,0.00,0,0,0,0.00,0,0,16464.18
474,Oklahoma,Washita,,R,,0,0,0,8061.81,13.56,6780.00,0,0,0,0.00,0,0,8075.37
475,Oklahoma,Wichita Mountains,,,,58652.11,0,367.49,0,0,0.00,0,0,0,0.00,0,0,59019.6
476,Oregon,Ankeny,,,,0,0,0,0,2796.33,893600.00,0,0,0,0.00,0,0,2796.33
477,Oregon,Bandon Marsh,,,,0,0,0,0,830.64,1765028.00,34.26,0,0,0.00,0,0,864.9
478,Oregon,Baskett Slough,,,,0,0,0,0,2492.33,941985.00,0,0,0,0.00,0,0,2492.33
479,Oregon,Bear Valley,,,,0,0,0,0,4198.08,3298024.00,0,0,2.18,5100.00,0,0,4200.26
480,Oregon,Cape Meares,,,,138.51,0,0,0,0,0.00,0,0,0,0.00,0,0,138.51
481,Oregon,Cold Springs,R,R,,50,1748.15,0,931.8,386.88,2760.00,0,0,0,0.00,0,0,3116.83
482,Oregon,Deer Flat,,,,194.44,0,0,0,0,0.00,26.13,0,0,0.00,0,0,220.57
484,Oregon,Hart Mountain,LM,,,183855.79,1951.76,837.95,0,83995.27,3708075.00,606.16,0,0,0.00,0,0,271246.93
485,Oregon,Julia Butler Hansen,,,,0,0,0,0,2367.74,2150510.00,799.03,0,0,0.00,0,0,3166.77
486,Oregon,Klamath Marsh,,,,0,0,0,0,41460.5,12512422.00,0,0,0,0.00,0,0,41460.5
487,Oregon,Lewis and Clark,,,,0,0,4530.14,0,2850.63,469250.00,4782.08,4,0,0.00,0,8.4,12175.25
488,Oregon,Lower Klamath,,,,6618.13,0,0,0,0,0.00,0,0,0,0.00,0,0,6618.13
489,Oregon,Malheur,,,,57898.48,0,55929.86,0,73067.57,3241253.00,240,0,0,0.00,30.93,0.04,187166.88
490,Oregon,McKay Creek,,R,,23.5,0,0,1813,0,0.00,0,0,0,0.00,0,0,1836.5
491,Oregon,McNary,,,,1099.1,0,86,0,0,0.00,0,0,0,0.00,0,0,1185.1
492,Oregon,Nestucca Bay,,,,0,0,30.7,0,1139.55,5217608.00,27.5,0,0.11,6294.00,0,0,1197.86
493,Oregon,Oregon Islands,,,,592,0,0,0,151.82,4880000.00,13.28,0,1,1.00,0,1.32,759.42
494,Oregon,Sheldon,,,,0,0,0,0,627.48,4079.00,0,0,0,0.00,0,0,627.48
495,Oregon,Siletz Bay,,,,0,0,0,0,469.7,1912640.00,43.46,0,58.51,289875.00,0.25,0,571.92
496,Oregon,Three Arch Rocks,,,,15,0,0,0,0,0.00,0,0,0,0.00,0,0,15
497,Oregon,Tualatin River,,,,0,0,0,0,1291.91,9495588.00,48.5,0,3.14,129462.00,10,50,1403.55
498,Oregon,Umatilla,E,,,28.37,320,1449.4,0,27.6,33000.00,0,0,0,0.00,0,7082,8907.37
499,Oregon,Upper Klamath,,,,8770.31,0,7789.28,0,6538.09,5753651.00,0,0,2399.6,7114000.00,0,0,25497.28
500,Oregon,Wapato Lake,,,,0,0,108.14,0,725.31,4129296.00,76.88,33.23,0.8,4375.00,0,0,944.36
501,Oregon,William L. Finley,,,,0,0,0,0,5697.06,2600006.00,0,0,8.94,6797.00,0,0,5706
502,Pennsylvania,Cherry Valley,,,,0,0,0,0,3382.99,6519750.00,2024.81,0,1,0.00,0.76,0,5409.56
503,Pennsylvania,Erie,,,,0,0,0,0,8959.23,1835972.00,0,0,0,12000.00,0,0,8959.23
504,Pennsylvania,John Heinz,,,,0,0,87.26,0,662.77,8140249.00,243.14,0,0,0.00,0,0,993.17
505,Pennsylvania,Ohio River Islands,,,,0,0,0,0,55.2,82500.00,0,0,0,0.00,0,0,55.2
506,Rhode Island,Block Island,,,,0,0,26.3,0,86.42,6105000.00,0,0,20,0.00,0,0,132.72
507,Rhode Island,John H. Chafee,,,,0,0,0,0,508.91,9686701.00,41.51,0,0,0.00,0,0,550.42
508,Rhode Island,Ninigret,,,,0,0,398.66,0,469.12,6081000.00,0,0,0.62,0.00,0,0,868.4
509,Rhode Island,Sachuest Point,,,,0,0,157,0,22.1,0.00,62.8,0,0,0.00,0,0,241.9
510,Rhode Island,Trustom Pond,,,,0,0,0,0,115.02,868000.00,526.7,0,135.58,500000.00,0,0,777.3
511,South Carolina,Cape Romain,,,,0,0,5242.36,0,23364.41,1662916.00,6540.28,0,0,0.00,180,31000,66327.05
512,South Carolina,Carolina Sandhills,,,,0,0,44106.09,0,1820.2,779037.00,0,0,0,0.00,0,0,45926.29
513,South Carolina,Ernest F. Hollings Ace Basin,,,,0,0,0,0,11833.82,12516541.00,18.48,0,0,0.00,0,11.32,11863.62
515,South Carolina,Pinckney Island,,,,0,0,0,0,0,0.00,1324.7,0,0,0.00,0,2728,4052.7
516,South Carolina,Santee,,,,0,0,0,0,4446.41,764154.00,0,0,0,0.00,0,7860,12306.41
517,South Carolina,Savannah,,,,0,0,5634.88,0,9423.04,2886204.00,212.16,0,0,0.00,0,24.3,15294.38
518,South Carolina,Tybee,,E,,0,0,0,100,0,0.00,0,0,0,0.00,0,0,100
519,South Carolina,Waccamaw,,,,0,0,0,0,13239.46,20193809.00,2403.49,0,0,0.00,1.12,18901.46,34545.53
520,South Dakota,Bear Butte,,,,0,0,0,0,0,0.00,0,0,0,0.00,374.2,0,374.2
521,South Dakota,Dakota Grassland,,,,0,0,0,0,0,0.00,0,0,15597.49,11655481.00,0,0,15597.49
522,South Dakota,Dakota Tallgrass Prairie,,,,0,0,0,0,0,0.00,0,0,71291.02,18208051.00,160,0,71451.02
524,South Dakota,Karl E. Mundt,,,,0,0,0,0,0,0.00,738.82,0,0,0.00,305,0,1043.82
525,South Dakota,Lacreek,,,,0,0,6807.47,0,9539.75,944491.00,223.11,0,80,100.00,365,0,17015.33
526,South Dakota,Lake Andes,,,,0,0,320.26,0,617.64,92322.00,0,0,1.53,0.00,4700,0,5639.43
527,South Dakota,Sand Lake,,,,80,0,17449.24,0,3970.58,164922.00,0,0,0,0.00,320.37,0,21820.19
528,South Dakota,Waubay,,,,0,0,3965.92,0,683.77,23838.00,0,0,90.53,0.00,0,0,4740.22
529,Tennessee,Chickasaw,,,,0,0,0,0,21212.79,25318824.00,213.94,0,0,0.00,0,5388,26814.73
530,Tennessee,Cross Creeks,,E,,0,0,6327.77,2442,91.72,26200.00,0,0,0,0.00,0,0,8861.49
532,Tennessee,Hatchie,,,,0,0,0,0,11556.1,1862329.00,0,0,0,0.00,0,0,11556.1
533,Tennessee,Lake Isom,,,,0,0,1497.54,0,360.84,27291.00,0,0,0,0.00,0,0,1858.38
534,Tennessee,Lower Hatchie,,,,0,0,0,0,12079,18678916.00,8.26,0,0,0.00,0,0,12087.26
535,Tennessee,Reelfoot,,,,0,0,0,0,563.43,279532.00,0,0,0,0.00,0,7847.27,8410.7
536,Tennessee,Tennessee,,T,,0,0,0,50830.3,527.67,247147.00,0,0,1.49,1490.00,0,0,51359.46
537,Texas,Anahuac,,,,0,0,0,0,35059.78,15577564.00,2939.41,0,63.09,0.00,885.87,0,38948.15
538,Texas,Aransas,,,,0,0,19014.19,0,62936.97,17166817.00,8480.25,0,24893,0.00,0,0,115324.41
539,Texas,Attwater Prairie Chicken,,,,0,0,0,0,7907.5,6459530.00,2633.3,0,0,0.00,0,0,10540.8
540,Texas,Balcones Canyonlands,,,,0,0,0,0,20364.03,29828107.00,0,0,1451.83,2535000.00,3835.22,0,25651.08
541,Texas,Big Boggy,,,,0,0,0,0,4216.29,2457398.00,0,0,309.88,72462.00,0,0,4526.17
542,Texas,Brazoria,,,,0,0,0,0,45300.01,16626988.00,306.15,0,0,0.00,157.53,0,45763.69
543,Texas,Buffalo Lake,,,,0,0,7663.93,0,0,0.00,0,0.23,0,0.00,0,0,7664.16
544,Texas,Caddo Lake,,A,,0,0,7062.84,1351.16,0,0.00,0,0,0,0.00,0,0,8414
546,Texas,Grulla,,,,0,0,0,0,4.97,5000.00,0,0,0,0.00,0,0,4.97
547,Texas,Hagerman,,E,,0,0,0,11319.84,0,0.00,0,0,0,0.00,0,0,11319.84
548,Texas,Laguna Atascosa,,,,0,0,8486,0,71698.41,12661982.00,9257.84,0,0,0.00,113.1,0,89555.35
549,Texas,Little Sandy,,,,0,0,0,0,0,0.00,0,0,3802,0.00,0,0,3802
550,Texas,Lower Rio Grande Valley,,,,0,0,46.18,0,83808,77527061.00,2922.64,0,9330.99,4656533.00,1148.11,7419.11,104675.03
551,Texas,McFaddin,,,,0,0,0,0,59308.5,20956489.00,0,0,7748.88,1394170.00,0,0,67057.38
552,Texas,Moody,,,,0,0,0,0,0,0.00,0,0,3516.87,0.00,0,0,3516.87
553,Texas,Muleshoe,,,,0,0,3654.3,0,2794.8,232740.00,0,0,0,0.00,0,0,6449.1
554,Texas,Neches River,,,,0,0,0,0,7023.8,8803198.00,111.1,0,2.7,1.00,0,0,7137.6
555,Texas,San Bernard,,,,0,0,0,0,56619.82,48137222.00,6326.77,0,0,0.00,526.01,129.32,63601.92
556,Texas,Santa Ana,,,,0,0,0,0,2049.91,203516.00,37.06,0,0,0.00,0.52,0.01,2087.5
557,Texas,Texas Point,,,,0,0,0,0,8962.68,1722850.00,0,0,0,0.00,0,0,8962.68
558,Texas,Trinity River,,,,0,0,0,0,25417.87,19170807.00,3778.3,0,4.02,3858.00,0,0,29200.19
559,Utah,Bear River,,,,43442.89,0,0,0,29327.91,13349019.00,4285.43,0,45.76,500.00,0,0,77101.99
560,Utah,Bear River Watershed,,,,0,0,0,0,0,0.00,0,0,749.95,935940.00,30,0,779.95
561,Utah,Colorado River,,,,0,0,0,0,0,0.00,0,1008.1,0,0.00,0,0,1008.1
562,Utah,Fish Springs,,,,14217.42,0,0,0,3774.82,93325.00,0,0,0,0.00,0,0,17992.24
564,Utah,Ouray,,,,3111.08,0,0,0,5014.98,461084.00,0,5.82,0,0.00,0,3700.86,11832.74
566,Vermont,Missisquoi,,,,0,0,0,0,6506.98,813057.00,722.3,0,0.74,2077.00,0,10,7240.02
567,Vermont,Silvio O. Conte,,,,0,0,0,0,26804.72,7648433.00,81.86,0,0,0.00,0,0,26886.58
568,Virginia,Back Bay,,,,0,0,0,0,9173.35,25574533.00,2.36,0,0,261158.00,0,0,9175.71
569,Virginia,Chincoteague,,,,0,0,0.23,0,11579.6,8316070.00,1434.85,0,600,0.00,0,0,13614.68
570,Virginia,Eastern Shore of Virginia,,,,0,0,168.1,0,1164.77,11882001.00,97.16,5.27,0,0.00,0,7.23,1442.53
571,Virginia,Elizabeth Hartwell Mason Neck,,,,0,0,0,0,1487.72,7235360.00,0.23,0,789.06,0.00,0,0,2277.01
572,Virginia,Featherstone,,,,0,0,0,0,163.9,486800.00,161.92,0,0,0.00,0,0,325.82
573,Virginia,Fisherman Island,,,,0,0,1025,0,871.3,1600000.00,0,0,0,0.00,0,0,1896.3
575,Virginia,Great Dismal Swamp,,,,0,0,27.14,0,36201.49,18603670.00,49097.01,0,0,11150.00,0,0,85325.64
576,Virginia,James River,,,,0,0,0,0,4393.01,11206922.00,0,0,0,0.00,0,0,4393.01
577,Virginia,Mackay Island,,,,0,0,0,0,882.14,389856.00,0,0,0,0.00,0,0,882.14
578,Virginia,Martin,,,,0,0,0,0,0,0.00,145.62,0,0,0.00,0,0,145.62
579,Virginia,Nansemond,,,,0,0,422.99,0,0,0.00,0,0,0,0.00,0,0,422.99
580,Virginia,Occoquan Bay,,,,0,0,642.07,0,0,0.00,0,0,0,0.00,0,0,642.07
581,Virginia,Plum Tree Island,,,,0,0,3275.6,0,211,105500.00,15.08,0,0,0.00,0,0,3501.68
582,Virginia,Presquile,,,,0,0,0,0,0,0.00,1327.88,0,0,0.00,1.04,0,1328.92
583,Virginia,Rappahannock River Valley,,,,0,0,0,0,6325.16,19498536.00,1338.84,0,1918.4,4277034.00,0,0,9582.4
584,Virginia,Wallops Island,,,,0,0,373,0,0,0.00,0,0,0,0.00,0,0,373
585,Washington,Billy Frank Jr. Nisqually,,,,0,0,486.25,0,4818.22,16273771.00,124.19,0,156.4,480570.00,4.89,332.81,5922.76
586,Washington,Columbia,,R,,11672.47,0,0,1274.89,15340.38,466501.00,0,0,0,0.00,5.26,261,28554
587,Washington,Conboy Lake,,,,0,0,0,0,6273.41,2901410.00,80,0,718.29,400000.00,0,0,7071.7
588,Washington,Copalis,,,,60.8,0,0,0,0,0.00,0,0,0,0.00,0,0,60.8
589,Washington,Dungeness,CG,,,202.5,32.5,0,0,84.22,756300.00,128.66,0,0,0.00,321.47,3.17,772.52
590,Washington,Flattery Rocks,,,,125,0,0,0,0,0.00,0,0,0,0.00,0,0,125
591,Washington,Franz Lake,,,,0,0,0,0,550.33,1143700.00,0,0,1.4,3000.00,0,0,551.73
593,Washington,Grays Harbor,,,,0,0,0,0,1407.77,1039800.00,0,0,0,0.00,0,63.61,1471.38
594,Washington,Julia Butler Hansen,,,,0,0,0,0,2888.78,1980321.00,0,0,0,0.00,0.5,0,2889.28
595,Washington,Little Pend Oreille,,,,8790.4,0,27359.33,0,6504.33,791425.00,0,0,3.8,0.00,0,0,42657.86
596,Washington,McNary,,,,803.8,0,13322.9,0,524.06,1357435.00,13.13,0,2.5,0.00,0,0,14666.39
597,Washington,Pierce,,,,0,0,0,0,10.38,125000.00,319,0,0,0.00,0,0,329.38
598,Washington,Protection Island,,,,0,0,0,0,317.89,3624095.00,1.42,0,0,0.00,0,0,319.31
599,Washington,Quillayute Needles,,,,300.2,0,0,0,0,0.00,0,0,0,0.00,0,0,300.2
600,Washington,Ridgefield,,,,0,0,0,0,5201.37,5351600.00,24.99,0,1.27,73866.00,3.68,0,5231.31
601,Washington,Saddle Mountain,DOE,DOE,,0,440,0,161045.93,0,0.00,0,0,0,0.00,0,0,161485.93
602,Washington,San Juan Islands,,,,448.5,0,0,0,0,0.00,0,0,0,0.00,0,0,448.5
603,Washington,Steigerwald Lake,,,,0,0,632.44,0,429.74,3098000.00,51.88,0,0,0.00,0,0,1114.06
604,Washington,Toppenish,,,,0,0,0,0,1977.55,715137.00,0,0,1.29,0.00,0,0,1978.84
605,Washington,Turnbull,,,,0,0,0,0,18734.63,6889113.00,257.23,0,2.4,0.00,45.22,2075.78,21115.26
606,Washington,Umatilla,,E,,102.5,0,1465.83,13107,0,0.00,0,0,0,0.00,0,200.5,14875.83
607,Washington,Willapa,,,,2058.9,0,0,0,10767,8208327.00,1316.13,0,3121.52,0.00,5.56,0,17269.11
608,West Virginia,Canaan Valley,,,,0,0,0,0,16905.92,39711949.00,28.19,0,19,36615.00,5.47,0,16958.58
609,West Virginia,FSA Interest WV,,,,0,0,0,0,0,0.00,0,33.21,0,0.00,0,0,33.21
610,West Virginia,Ohio River Islands,,,,0,0,18.9,0,2337.27,4799662.00,307.37,0,0,10000.00,1,0,2664.54
611,Wisconsin,Fox River,,,,0,0,0,0,999.48,701833.00,0,0,0,0.00,0,0,999.48
613,Wisconsin,Gravel Island,,,,27,0,0,0,0,0.00,0,0,0,0.00,0,0,27
614,Wisconsin,Green Bay,,,,330.7,0,0,0,148.65,666000.00,0,0,0,0.00,0,0,479.35
615,Wisconsin,Hackmatack,,,,0,0,0,0,0,0.00,85.37,0,0,0.00,1.46,0,86.83
616,Wisconsin,Horicon,,,,0,0,0,0,21445.73,907988.00,5.44,0,33,357.00,0.83,0,21485
617,Wisconsin,Necedah,,,,30.18,0,43283.42,0,402.26,23194.00,0,0,0,0.00,0,0,43715.86
618,Wisconsin,Trempealeau,,,,0,0,0,0,6428.53,1511793.00,1.13,0,0,0.00,0,0,6429.66
619,Wisconsin,Upper Mississippi River,,E,,655.57,0,4.23,40341,49405.86,4557531.00,119.18,0,1,5050.00,60,1140.5,91727.34
620,Wisconsin,Whittlesey Creek,,,,0,0,0,0,253.93,915880.00,50.02,0,54.18,60000.00,0,0,358.13
621,Wyoming,Bamforth,,,,201.23,0,0,0,964.8,6368.00,0,0,0,0.00,0,0,1166.03
622,Wyoming,Cokeville Meadows,,,,0,0,0,0,6134.47,3105413.00,0,784.5,1689,106650.00,0,320,8927.97
624,Wyoming,Hutton Lake,,,,152.85,0,0,0,1815.49,7944.00,0,0,0,0.00,2,0,1970.34
625,Wyoming,Mortenson Lake,,,,0,0,0,0,2541.02,831000.00,0,0,0,0.00,0,0,2541.02
626,Wyoming,National Elk,,,,4676.53,0,0,0,15584.17,7882177.00,4516.6,0,0,329675.00,1.01,0,24778.31
627,Wyoming,Pathfinder,R,R,,2294.84,11501.57,0,3010.49,0,0.00,0,0,0,0.00,0,0,16806.9
628,Wyoming,Seedskadee,,,,10124.29,0,16079.93,0,5,173000.00,0,1026,0,0.00,0,0,27235.22
629,American Samoa,Rose Atoll,,,,0,0,1613,0,0,0.00,0,0,0,0.00,0,0,1613
630,Guam,Guam,,,,0,0,1218,0,0,0.00,0,0,0,0.00,0,22456,23674
631,Puerto Rico,Cabo Rojo,,,,0,0,587.33,0,1269.38,2999266.00,0,0,0,0.00,0,0,1856.71
632,Puerto Rico,Culebra,,,,0,0,1547.17,0,0,0.00,0,0,5.21,0.00,0,9,1561.38
633,Puerto Rico,Desecheo,,,,0,0,360,0,0,0.00,0,0,0,0.00,0,0,360
634,Puerto Rico,Laguna Cartagena,,,,0,0,262.86,0,0,0.00,0,0,0,0.00,0,772.89,1035.75
635,Puerto Rico,Vieques,,,,0,0,17770.62,0,0,0.00,0,0,0,0.00,0,0,17770.62
636,US Minor Outlying Islands Atlantic,,,,,0,0,364950,0,0,0.00,0,0,0,0.00,0,0,364950
637,US. Minor Outlying Islands Pacific,,,,,0,0,413415.89,0,0,0.00,0,0,0,0.00,0,0,413415.89
638,US. Minor Outlying Islands Pacific,Howland Island,,,,0,0,422361,0,0,0.00,0,0,0,0.00,0,0,422361
639,US. Minor Outlying Islands Pacific,Jarvis Island,,,,0,0,434697.17,0,0,0.00,0,0,0,0.00,0,0,434697.17
640,US. Minor Outlying Islands Pacific,Johnston Atoll,,AF,,0,0,566700,589,0,0.00,0,0,0,0.00,0,0,567289
641,US. Minor Outlying Islands Pacific,Kingman Reef,,,,0,0,487016,0,0,0.00,0,0,0,0.00,0,0,487016
642,US. Minor Outlying Islands Pacific,Mariana Arc of Fire,,,,0,0,46779.5,0,0,0.00,0,0,0,0.00,0,0,46779.5
643,US. Minor Outlying Islands Pacific,Mariana Trench,,,,0,0,50532102,0,0,0.00,0,0,0,0.00,0,0,50532102
644,US. Minor Outlying Islands Pacific,Midway Atoll,,,,0,0,580740,0,0,0.00,0,0,0,0.00,0,0,580740
645,US. Minor Outlying Islands Pacific,Palmyra Atoll,,,,0,0,506400.5,0,443.95,9500000.00,0,26037,0,0.00,228.66,0,533110.11
646,US. Minor Outlying Islands Pacific,Wake Atoll,,,,0,0,497750,0,0,0.00,0,0,0,0.00,0,0,497750
647,Virgin Islands,,,,,46.07,0,0,0,0,0.00,0,0,0,0.00,0,0,46.07
648,Virgin Islands,Green Cay,,,,0,0,0,0,13.77,250000.00,0,0,0,0.00,0,0,13.77
649,Virgin Islands,Sandy Point,,,,0,0,0,0,530.31,3534370.00,0,0,0,0.00,0,0,530.31
